declaration_id,rank,regulation_id,score
D0001,1,R0002,1.000000
D0001,2,R0003,0.994595
D0001,3,R0001,0.973488
D0001,4,R0006,0.943974
D0001,5,R0012,0.938769
D0001,6,R0005,0.924758
D0001,7,R0007,0.903426
D0001,8,R0004,0.888837
D0001,9,R0008,0.881316
D0001,10,R0021,0.879515
D0002,1,R0126,0.983955
D0002,2,R0071,0.979238
D0002,3,R0070,0.974758
D0002,4,R0124,0.950000
D0002,5,R0074,0.941237
D0002,6,R0125,0.934127
D0002,7,R0063,0.872602
D0002,8,R0076,0.851232
D0002,9,R0061,0.844856
D0002,10,R0059,0.844566
D0003,1,R0119,1.000000
D0003,2,R0120,0.978665
D0003,3,R0118,0.973460
D0003,4,R0093,0.916117
D0003,5,R0126,0.915748
D0003,6,R0107,0.897453
D0003,7,R0132,0.890936
D0003,8,R0124,0.885590
D0003,9,R0102,0.861343
D0003,10,R0125,0.845705
D0004,1,R0176,1.000000
D0004,2,R0188,0.973622
D0004,3,R0177,0.953598
D0004,4,R0173,0.943497
D0004,5,R0180,0.935979
D0004,6,R0172,0.919644
D0004,7,R0189,0.910860
D0004,8,R0175,0.895521
D0004,9,R0178,0.888392
D0004,10,R0184,0.885504
D0005,1,R0038,1.000000
D0005,2,R0039,0.983871
D0005,3,R0037,0.968254
D0005,4,R0048,0.943349
D0005,5,R0047,0.906120
D0005,6,R0071,0.880397
D0005,7,R0046,0.871790
D0005,8,R0070,0.867649
D0005,9,R0069,0.867190
D0005,10,R0072,0.843539
D0006,1,R0156,1.000000
D0006,2,R0154,0.968734
D0006,3,R0155,0.958168
D0006,4,R0339,0.940189
D0006,5,R0338,0.910448
D0006,6,R0264,0.893185
D0006,7,R0350,0.890936
D0006,8,R0331,0.885035
D0006,9,R0337,0.863246
D0006,10,R0333,0.857630
D0007,1,R0148,1.000000
D0007,2,R0150,0.983871
D0007,3,R0149,0.968254
D0007,4,R0145,0.953125
D0007,5,R0147,0.938462
D0007,6,R0146,0.924242
D0007,7,R0144,0.892725
D0007,8,R0142,0.884435
D0007,9,R0264,0.881740
D0007,10,R0143,0.871779
D0008,1,R0275,1.000000
D0008,2,R0276,0.983871
D0008,3,R0274,0.968254
D0008,4,R0263,0.904180
D0008,5,R0339,0.896100
D0008,6,R0325,0.889033
D0008,7,R0316,0.874786
D0008,8,R0338,0.870328
D0008,9,R0318,0.862370
D0008,10,R0323,0.846007
D0009,1,R0147,1.050000
D0009,2,R0146,1.033871
D0009,3,R0145,1.018254
D0009,4,R0150,0.948237
D0009,5,R0149,0.943349
D0009,6,R0148,0.910448
D0009,7,R0187,0.897453
D0009,8,R0106,0.856097
D0009,9,R0144,0.849878
D0009,10,R0349,0.840103
D0010,1,R0086,1.050000
D0010,2,R0088,0.944522
D0010,3,R0089,0.938462
D0010,4,R0085,0.928665
D0010,5,R0251,0.924674
D0010,6,R0090,0.924242
D0010,7,R0087,0.913374
D0010,8,R0252,0.876578
D0010,9,R0250,0.860483
D0010,10,R0170,0.829774
D0011,1,R0081,1.050000
D0011,2,R0080,1.033871
D0011,3,R0079,1.018254
D0011,4,R0073,0.998237
D0011,5,R0075,0.943349
D0011,6,R0074,0.919644
D0011,7,R0077,0.917911
D0011,8,R0078,0.888515
D0011,9,R0202,0.848496
D0011,10,R0076,0.843350
D0012,1,R0135,1.000000
D0012,2,R0133,0.999827
D0012,3,R0147,0.988918
D0012,4,R0134,0.983871
D0012,5,R0146,0.956653
D0012,6,R0348,0.939061
D0012,7,R0192,0.912618
D0012,8,R0347,0.898885
D0012,9,R0190,0.872479
D0012,10,R0252,0.853265
D0013,1,R0121,1.000000
D0013,2,R0122,0.973622
D0013,3,R0123,0.973460
D0013,4,R0118,0.938913
D0013,5,R0119,0.938462
D0013,6,R0120,0.934436
D0013,7,R0166,0.857630
D0013,8,R0152,0.846756
D0013,9,R0153,0.846007
D0013,10,R0167,0.845705
D0014,1,R0129,1.000000
D0014,2,R0238,0.997164
D0014,3,R0240,0.982832
D0014,4,R0263,0.976362
D0014,5,R0128,0.969950
D0014,6,R0222,0.956769
D0014,7,R0262,0.948111
D0014,8,R0127,0.946674
D0014,9,R0261,0.926270
D0014,10,R0260,0.914341
D0015,1,R0050,1.000000
D0015,2,R0049,0.973460
D0015,3,R0089,0.913298
D0015,4,R0025,0.898392
D0015,5,R0151,0.893773
D0015,6,R0086,0.877158
D0015,7,R0027,0.865748
D0015,8,R0026,0.865046
D0015,9,R0090,0.856431
D0015,10,R0153,0.855377
D0016,1,R0231,1.000000
D0016,2,R0230,0.999488
D0016,3,R0229,0.994373
D0016,4,R0216,0.973377
D0016,5,R0228,0.907027
D0016,6,R0214,0.903145
D0016,7,R0219,0.890492
D0016,8,R0215,0.876058
D0016,9,R0245,0.867663
D0016,10,R0247,0.863368
D0017,1,R0088,1.000000
D0017,2,R0089,0.978665
D0017,3,R0090,0.973460
D0017,4,R0087,0.934436
D0017,5,R0254,0.902547
D0017,6,R0086,0.892725
D0017,7,R0327,0.889033
D0017,8,R0325,0.882523
D0017,9,R0251,0.867705
D0017,10,R0255,0.861132
D0018,1,R0288,1.000000
D0018,2,R0302,0.999488
D0018,3,R0301,0.994373
D0018,4,R0303,0.973377
D0018,5,R0273,0.916513
D0018,6,R0339,0.912832
D0018,7,R0338,0.907362
D0018,8,R0337,0.895736
D0018,9,R0295,0.889537
D0018,10,R0336,0.856400
D0019,1,R0031,1.050000
D0019,2,R0032,1.033871
D0019,3,R0033,1.018254
D0019,4,R0027,0.978982
D0019,5,R0025,0.903125
D0019,6,R0050,0.870621
D0019,7,R0026,0.865046
D0019,8,R0070,0.864669
D0019,9,R0071,0.862815
D0019,10,R0029,0.846007
D0020,1,R0298,1.000000
D0020,2,R0297,0.983871
D0020,3,R0299,0.953125
D0020,4,R0296,0.948392
D0020,5,R0300,0.940189
D0020,6,R0292,0.919644
D0020,7,R0293,0.915046
D0020,8,R0294,0.897059
D0020,9,R0295,0.893773
D0020,10,R0290,0.871779
D0021,1,R0335,1.000000
D0021,2,R0337,0.995544
D0021,3,R0336,0.994882
D0021,4,R0339,0.968750
D0021,5,R0338,0.949029
D0021,6,R0334,0.944958
D0021,7,R0268,0.911765
D0021,8,R0269,0.898551
D0021,9,R0050,0.894661
D0021,10,R0270,0.890617
D0022,1,R0250,1.000000
D0022,2,R0252,0.983871
D0022,3,R0251,0.963211
D0022,4,R0249,0.948392
D0022,5,R0282,0.930103
D0022,6,R0243,0.880447
D0022,7,R0309,0.876845
D0022,8,R0247,0.868297
D0022,9,R0242,0.864147
D0022,10,R0219,0.851945
D0023,1,R0319,1.050000
D0023,2,R0318,1.023948
D0023,3,R0311,1.000509
D0023,4,R0321,0.983811
D0023,5,R0320,0.957858
D0023,6,R0327,0.954517
D0023,7,R0314,0.949926
D0023,8,R0317,0.909111
D0023,9,R0312,0.896935
D0023,10,R0316,0.890245
D0024,1,R0091,1.000000
D0024,2,R0092,0.968734
D0024,3,R0105,0.925893
D0024,4,R0151,0.924242
D0024,5,R0093,0.916614
D0024,6,R0264,0.879808
D0024,7,R0104,0.875638
D0024,8,R0153,0.851945
D0024,9,R0027,0.851835
D0024,10,R0152,0.849068
D0025,1,R0047,1.000000
D0025,2,R0046,0.994595
D0025,3,R0048,0.958738
D0025,4,R0050,0.930898
D0025,5,R0042,0.910882
D0025,6,R0053,0.906395
D0025,7,R0041,0.899537
D0025,8,R0069,0.898013
D0025,9,R0052,0.895292
D0025,10,R0054,0.884585
D0026,1,R0186,1.000000
D0026,2,R0177,0.978885
D0026,3,R0184,0.963347
D0026,4,R0185,0.954627
D0026,5,R0189,0.954115
D0026,6,R0176,0.943534
D0026,7,R0175,0.911018
D0026,8,R0188,0.910882
D0026,9,R0187,0.872145
D0026,10,R0192,0.848098
D0027,1,R0115,1.000000
D0027,2,R0114,0.963995
D0027,3,R0112,0.963374
D0027,4,R0117,0.935979
D0027,5,R0110,0.933870
D0027,6,R0116,0.920327
D0027,7,R0111,0.919786
D0027,8,R0109,0.912123
D0027,9,R0113,0.901522
D0027,10,R0093,0.863834
D0028,1,R0028,1.000000
D0028,2,R0029,0.983871
D0028,3,R0030,0.944522
D0028,4,R0071,0.929716
D0028,5,R0025,0.898237
D0028,6,R0073,0.893354
D0028,7,R0026,0.893349
D0028,8,R0075,0.884424
D0028,9,R0069,0.879848
D0028,10,R0077,0.867761
D0029,1,R0265,1.000000
D0029,2,R0266,0.983871
D0029,3,R0267,0.968254
D0029,4,R0174,0.933870
D0029,5,R0192,0.906120
D0029,6,R0171,0.892855
D0029,7,R0159,0.886445
D0029,8,R0158,0.886325
D0029,9,R0157,0.871034
D0029,10,R0145,0.866054
D0030,1,R0341,1.000000
D0030,2,R0342,0.978665
D0030,3,R0340,0.973460
D0030,4,R0343,0.900416
D0030,5,R0345,0.898569
D0030,6,R0344,0.896100
D0030,7,R0202,0.880851
D0030,8,R0193,0.860483
D0030,9,R0113,0.859501
D0030,10,R0309,0.856097
D0031,1,R0260,1.000000
D0031,2,R0259,0.973460
D0031,3,R0261,0.954934
D0031,4,R0251,0.919786
D0031,5,R0252,0.903704
D0031,6,R0250,0.882523
D0031,7,R0273,0.874632
D0031,8,R0153,0.851309
D0031,9,R0263,0.847222
D0031,10,R0050,0.846656
D0032,1,R0019,1.000000
D0032,2,R0027,0.976601
D0032,3,R0021,0.953215
D0032,4,R0071,0.947041
D0032,5,R0024,0.920503
D0032,6,R0014,0.913950
D0032,7,R0013,0.894371
D0032,8,R0026,0.873337
D0032,9,R0025,0.862404
D0032,10,R0070,0.861826
D0033,1,R0215,1.000000
D0033,2,R0220,0.998449
D0033,3,R0216,0.994595
D0033,4,R0214,0.963347
D0033,5,R0221,0.958738
D0033,6,R0217,0.900276
D0033,7,R0222,0.884004
D0033,8,R0219,0.868504
D0033,9,R0224,0.836252
D0033,10,R0210,0.832455
D0034,1,R0321,1.050000
D0034,2,R0319,1.033549
D0034,3,R0320,1.029489
D0034,4,R0318,1.018254
D0034,5,R0317,0.949335
D0034,6,R0316,0.903427
D0034,7,R0314,0.884209
D0034,8,R0311,0.876406
D0034,9,R0313,0.856997
D0034,10,R0315,0.848885
D0035,1,R0143,1.000000
D0035,2,R0142,0.984127
D0035,3,R0144,0.983955
D0035,4,R0147,0.958277
D0035,5,R0146,0.943534
D0035,6,R0145,0.929238
D0035,7,R0153,0.898179
D0035,8,R0150,0.897551
D0035,9,R0071,0.884641
D0035,10,R0152,0.876139
D0036,1,R0325,1.000000
D0036,2,R0326,0.994595
D0036,3,R0324,0.963347
D0036,4,R0323,0.958738
D0036,5,R0327,0.943534
D0036,6,R0322,0.938918
D0036,7,R0320,0.890290
D0036,8,R0315,0.872991
D0036,9,R0318,0.868818
D0036,10,R0316,0.856669
D0037,1,R0132,1.000000
D0037,2,R0131,0.984127
D0037,3,R0129,0.918896
D0037,4,R0130,0.911845
D0037,5,R0128,0.879236
D0037,6,R0071,0.876643
D0037,7,R0127,0.873848
D0037,8,R0212,0.867104
D0037,9,R0070,0.863829
D0037,10,R0167,0.855565
D0038,1,R0169,1.000000
D0038,2,R0171,0.978665
D0038,3,R0170,0.973460
D0038,4,R0173,0.943497
D0038,5,R0172,0.924661
D0038,6,R0168,0.890478
D0038,7,R0165,0.881740
D0038,8,R0167,0.880447
D0038,9,R0166,0.875757
D0038,10,R0163,0.875638
D0039,1,R0249,1.013995
D0039,2,R0243,0.956638
D0039,3,R0247,0.950000
D0039,4,R0248,0.925638
D0039,5,R0251,0.893470
D0039,6,R0245,0.893354
D0039,7,R0246,0.862026
D0039,8,R0252,0.861343
D0039,9,R0244,0.842479
D0039,10,R0320,0.840478
D0040,1,R0127,1.000000
D0040,2,R0129,0.983871
D0040,3,R0128,0.968254
D0040,4,R0132,0.917824
D0040,5,R0131,0.902547
D0040,6,R0166,0.893773
D0040,7,R0164,0.861132
D0040,8,R0167,0.842855
D0040,9,R0163,0.836839
D0040,10,R0054,0.833025
D0041,1,R0157,1.000000
D0041,2,R0158,0.983871
D0041,3,R0159,0.968254
D0041,4,R0264,0.938899
D0041,5,R0268,0.864147
D0041,6,R0333,0.863834
D0041,7,R0156,0.861142
D0041,8,R0269,0.859491
D0041,9,R0154,0.859358
D0041,10,R0332,0.857630
D0042,1,R0350,1.000000
D0042,2,R0349,0.968734
D0042,3,R0339,0.953598
D0042,4,R0351,0.940189
D0042,5,R0348,0.889583
D0042,6,R0238,0.888515
D0042,7,R0338,0.867258
D0042,8,R0240,0.861142
D0042,9,R0347,0.846181
D0042,10,R0239,0.828884
D0043,1,R0308,1.000000
D0043,2,R0309,0.983871
D0043,3,R0307,0.958323
D0043,4,R0276,0.943497
D0043,5,R0275,0.938913
D0043,6,R0274,0.924674
D0043,7,R0327,0.876578
D0043,8,R0216,0.859358
D0043,9,R0221,0.841242
D0043,10,R0228,0.839485
D0044,1,R0009,1.000000
D0044,2,R0008,0.983871
D0044,3,R0012,0.948985
D0044,4,R0004,0.933722
D0044,5,R0010,0.930103
D0044,6,R0005,0.924674
D0044,7,R0006,0.920791
D0044,8,R0011,0.915181
D0044,9,R0007,0.902192
D0044,10,R0003,0.840314
D0045,1,R0108,1.000000
D0045,2,R0122,0.994200
D0045,3,R0113,0.988911
D0045,4,R0123,0.974196
D0045,5,R0093,0.958474
D0045,6,R0121,0.934385
D0045,7,R0120,0.916873
D0045,8,R0105,0.894422
D0045,9,R0132,0.857636
D0045,10,R0119,0.857276
D0046,1,R0315,1.050000
D0046,2,R0314,1.039038
D0046,3,R0313,0.986540
D0046,4,R0320,0.923554
D0046,5,R0318,0.918254
D0046,6,R0321,0.912033
D0046,7,R0316,0.894038
D0046,8,R0319,0.884347
D0046,9,R0317,0.870402
D0046,10,R0243,0.841692
D0047,1,R0254,1.000000
D0047,2,R0253,0.994595
D0047,3,R0255,0.945271
D0047,4,R0090,0.894520
D0047,5,R0251,0.894392
D0047,6,R0088,0.868800
D0047,7,R0298,0.861548
D0047,8,R0050,0.853618
D0047,9,R0324,0.847912
D0047,10,R0089,0.836252
D0048,1,R0243,1.050000
D0048,2,R0242,0.933871
D0048,3,R0315,0.895022
D0048,4,R0241,0.893349
D0048,5,R0247,0.881888
D0048,6,R0249,0.879716
D0048,7,R0251,0.861343
D0048,8,R0246,0.856120
D0048,9,R0252,0.852596
D0048,10,R0273,0.834352
D0049,1,R0015,1.000000
D0049,2,R0014,0.950408
D0049,3,R0013,0.947971
D0049,4,R0007,0.945084
D0049,5,R0012,0.944021
D0049,6,R0009,0.922038
D0049,7,R0008,0.903488
D0049,8,R0018,0.902505
D0049,9,R0016,0.895959
D0049,10,R0011,0.890425
D0050,1,R0190,1.000000
D0050,2,R0170,0.973460
D0050,3,R0180,0.954934
D0050,4,R0169,0.948392
D0050,5,R0179,0.925893
D0050,6,R0171,0.924242
D0050,7,R0163,0.907080
D0050,8,R0168,0.885590
D0050,9,R0187,0.863360
D0050,10,R0164,0.861132
D0051,1,R0271,1.000000
D0051,2,R0273,0.983871
D0051,3,R0272,0.963211
D0051,4,R0147,0.948237
D0051,5,R0146,0.929124
D0051,6,R0145,0.888913
D0051,7,R0242,0.871034
D0051,8,R0243,0.869150
D0051,9,R0278,0.867911
D0051,10,R0277,0.847222
D0052,1,R0352,1.000000
D0052,2,R0353,0.983871
D0052,3,R0354,0.948985
D0052,4,R0268,0.921802
D0052,5,R0331,0.920791
D0052,6,R0332,0.897453
D0052,7,R0269,0.887273
D0052,8,R0333,0.871429
D0052,9,R0270,0.871034
D0052,10,R0222,0.864833
D0053,1,R0237,1.000000
D0053,2,R0236,0.989305
D0053,3,R0225,0.974305
D0053,4,R0224,0.958379
D0053,5,R0235,0.954216
D0053,6,R0223,0.934563
D0053,7,R0222,0.930749
D0053,8,R0339,0.871295
D0053,9,R0221,0.868344
D0053,10,R0234,0.847539
D0054,1,R0202,1.000000
D0054,2,R0204,0.978665
D0054,3,R0203,0.973460
D0054,4,R0209,0.902192
D0054,5,R0210,0.897441
D0054,6,R0145,0.896752
D0054,7,R0146,0.896100
D0054,8,R0147,0.894700
D0054,9,R0234,0.890478
D0054,10,R0150,0.884424
D0055,1,R0257,1.000000
D0055,2,R0256,0.983871
D0055,3,R0273,0.963211
D0055,4,R0255,0.948237
D0055,5,R0272,0.933722
D0055,6,R0253,0.912123
D0055,7,R0254,0.910848
D0055,8,R0271,0.910448
D0055,9,R0249,0.867337
D0055,10,R0245,0.847222
D0056,1,R0172,1.000000
D0056,2,R0174,0.983871
D0056,3,R0173,0.968254
D0056,4,R0169,0.943497
D0056,5,R0171,0.938462
D0056,6,R0170,0.933870
D0056,7,R0180,0.888515
D0056,8,R0182,0.868297
D0056,9,R0168,0.867649
D0056,10,R0181,0.867456
D0057,1,R0225,1.000000
D0057,2,R0224,0.999827
D0057,3,R0223,0.983871
D0057,4,R0216,0.935795
D0057,5,R0228,0.930170
D0057,6,R0226,0.929480
D0057,7,R0227,0.916782
D0057,8,R0264,0.870342
D0057,9,R0214,0.868684
D0057,10,R0221,0.865253
D0058,1,R0305,1.000000
D0058,2,R0306,0.994595
D0058,3,R0304,0.973488
D0058,4,R0323,0.893194
D0058,5,R0243,0.885206
D0058,6,R0102,0.882223
D0058,7,R0242,0.876139
D0058,8,R0315,0.872339
D0058,9,R0324,0.861332
D0058,10,R0320,0.852492
D0059,1,R0137,1.000000
D0059,2,R0136,0.999488
D0059,3,R0138,0.994373
D0059,4,R0140,0.958474
D0059,5,R0139,0.953816
D0059,6,R0141,0.953358
D0059,7,R0216,0.874220
D0059,8,R0069,0.863549
D0059,9,R0066,0.860998
D0059,10,R0068,0.858435
D0060,1,R0168,1.000000
D0060,2,R0166,0.983871
D0060,3,R0167,0.949827
D0060,4,R0162,0.943858
D0060,5,R0160,0.943708
D0060,6,R0161,0.929623
D0060,7,R0165,0.919926
D0060,8,R0163,0.885953
D0060,9,R0171,0.885624
D0060,10,R0169,0.885003
D0061,1,R0232,1.050000
D0061,2,R0233,1.044595
D0061,3,R0237,0.958277
D0061,4,R0235,0.938769
D0061,5,R0234,0.923488
D0061,6,R0236,0.910882
D0061,7,R0132,0.903426
D0061,8,R0150,0.850580
D0061,9,R0145,0.848604
D0061,10,R0153,0.837959
D0062,1,R0055,1.000000
D0062,2,R0057,0.973622
D0062,3,R0056,0.973460
D0062,4,R0024,0.938913
D0062,5,R0065,0.893185
D0062,6,R0023,0.885590
D0062,7,R0071,0.883384
D0062,8,R0069,0.876578
D0062,9,R0068,0.875757
D0062,10,R0064,0.861132
D0063,1,R0343,1.000000
D0063,2,R0344,0.983871
D0063,3,R0341,0.958323
D0063,4,R0340,0.948392
D0063,5,R0342,0.943497
D0063,6,R0345,0.924674
D0063,7,R0130,0.901522
D0063,8,R0050,0.887273
D0063,9,R0146,0.859766
D0063,10,R0147,0.858106
D0064,1,R0179,1.000000
D0064,2,R0178,0.994595
D0064,3,R0173,0.953519
D0064,4,R0180,0.938918
D0064,5,R0177,0.930898
D0064,6,R0184,0.915783
D0064,7,R0186,0.897681
D0064,8,R0176,0.890290
D0064,9,R0172,0.885612
D0064,10,R0174,0.880372
D0065,1,R0139,1.000000
D0065,2,R0140,0.978665
D0065,3,R0141,0.973460
D0065,4,R0138,0.948237
D0065,5,R0137,0.933870
D0065,6,R0136,0.933722
D0065,7,R0064,0.868297
D0065,8,R0066,0.859491
D0065,9,R0065,0.851764
D0065,10,R0055,0.840026
D0066,1,R0012,1.000000
D0066,2,R0009,0.983871
D0066,3,R0007,0.969657
D0066,4,R0011,0.959650
D0066,5,R0010,0.958379
D0066,6,R0008,0.953439
D0066,7,R0014,0.880749
D0066,8,R0006,0.876929
D0066,9,R0013,0.860304
D0066,10,R0015,0.855812
D0067,1,R0026,1.044394
D0067,2,R0027,0.950000
D0067,3,R0025,0.939305
D0067,4,R0030,0.923730
D0067,5,R0069,0.923073
D0067,6,R0028,0.920185
D0067,7,R0029,0.912199
D0067,8,R0068,0.910873
D0067,9,R0072,0.898050
D0067,10,R0075,0.892469
D0068,1,R0097,1.000000
D0068,2,R0229,0.963374
D0068,3,R0230,0.948392
D0068,4,R0231,0.933870
D0068,5,R0099,0.931888
D0068,6,R0098,0.927025
D0068,7,R0132,0.897453
D0068,8,R0302,0.885590
D0068,9,R0262,0.867649
D0068,10,R0301,0.860560
D0069,1,R0016,1.000000
D0069,2,R0007,0.983871
D0069,3,R0009,0.968254
D0069,4,R0012,0.943349
D0069,5,R0008,0.919644
D0069,6,R0018,0.906528
D0069,7,R0011,0.902192
D0069,8,R0010,0.884424
D0069,9,R0017,0.881740
D0069,10,R0014,0.872896
D0070,1,R0105,1.000000
D0070,2,R0104,0.973986
D0070,3,R0102,0.969206
D0070,4,R0093,0.943534
D0070,5,R0103,0.941038
D0070,6,R0100,0.903426
D0070,7,R0107,0.895292
D0070,8,R0101,0.890290
D0070,9,R0131,0.864147
D0070,10,R0151,0.860047
D0071,1,R0279,1.000000
D0071,2,R0278,0.994394
D0071,3,R0277,0.989305
D0071,4,R0273,0.958379
D0071,5,R0272,0.953439
D0071,6,R0271,0.934127
D0071,7,R0295,0.889258
D0071,8,R0303,0.867907
D0071,9,R0241,0.847539
D0071,10,R0249,0.837469
D0072,1,R0040,1.000000
D0072,2,R0041,0.978665
D0072,3,R0042,0.973460
D0072,4,R0048,0.953125
D0072,5,R0047,0.933722
D0072,6,R0046,0.928982
D0072,7,R0045,0.905985
D0072,8,R0043,0.901522
D0072,9,R0044,0.884058
D0072,10,R0036,0.836839
D0073,1,R0222,1.050000
D0073,2,R0220,0.984127
D0073,3,R0221,0.983955
D0073,4,R0214,0.958277
D0073,5,R0216,0.943534
D0073,6,R0215,0.929238
D0073,7,R0228,0.865787
D0073,8,R0147,0.838525
D0073,9,R0227,0.829961
D0073,10,R0237,0.824601
D0074,1,R0295,1.000000
D0074,2,R0297,0.983871
D0074,3,R0296,0.968254
D0074,4,R0300,0.948237
D0074,5,R0299,0.943349
D0074,6,R0292,0.915181
D0074,7,R0293,0.906120
D0074,8,R0294,0.901651
D0074,9,R0298,0.879848
D0074,10,R0289,0.867337
D0075,1,R0244,1.050000
D0075,2,R0245,1.033871
D0075,3,R0248,0.985979
D0075,4,R0323,0.935590
D0075,5,R0320,0.898392
D0075,6,R0243,0.870761
D0075,7,R0324,0.867761
D0075,8,R0249,0.865844
D0075,9,R0316,0.857080
D0075,10,R0321,0.848569
D0076,1,R0114,1.000000
D0076,2,R0112,0.980694
D0076,3,R0113,0.978778
D0076,4,R0110,0.953753
D0076,5,R0111,0.945084
D0076,6,R0115,0.921939
D0076,7,R0117,0.904425
D0076,8,R0109,0.898173
D0076,9,R0093,0.869278
D0076,10,R0105,0.857793
D0077,1,R0067,1.000000
D0077,2,R0068,0.983871
D0077,3,R0069,0.968254
D0077,4,R0054,0.928982
D0077,5,R0053,0.907080
D0077,6,R0052,0.906120
D0077,7,R0073,0.885504
D0077,8,R0050,0.880397
D0077,9,R0049,0.876670
D0077,10,R0075,0.848496
D0078,1,R0071,1.050000
D0078,2,R0070,1.044394
D0078,3,R0077,0.957040
D0078,4,R0073,0.956653
D0078,5,R0072,0.929111
D0078,6,R0076,0.891854
D0078,7,R0078,0.889217
D0078,8,R0069,0.870589
D0078,9,R0075,0.847303
D0078,10,R0066,0.843275
D0079,1,R0193,1.000000
D0079,2,R0195,0.983871
D0079,3,R0194,0.968254
D0079,4,R0192,0.948237
D0079,5,R0190,0.915046
D0079,6,R0165,0.867190
D0079,7,R0132,0.864857
D0079,8,R0239,0.860560
D0079,9,R0187,0.851200
D0079,10,R0191,0.848569
D0080,1,R0211,1.044595
D0080,2,R0213,0.973488
D0080,3,R0212,0.950000
D0080,4,R0216,0.948449
D0080,5,R0214,0.943974
D0080,6,R0215,0.934004
D0080,7,R0220,0.888837
D0080,8,R0221,0.869021
D0080,9,R0222,0.866769
D0080,10,R0217,0.856669
D0081,1,R0317,1.050000
D0081,2,R0321,1.033238
D0081,3,R0319,1.029111
D0081,4,R0316,1.014048
D0081,5,R0320,1.013904
D0081,6,R0318,0.999441
D0081,7,R0314,0.915935
D0081,8,R0313,0.878342
D0081,9,R0315,0.858537
D0081,10,R0310,0.847339
D0082,1,R0182,1.000000
D0082,2,R0181,0.983871
D0082,3,R0183,0.968254
D0082,4,R0173,0.915748
D0082,5,R0185,0.910848
D0082,6,R0177,0.889710
D0082,7,R0172,0.877635
D0082,8,R0178,0.876253
D0082,9,R0180,0.874509
D0082,10,R0184,0.869133
D0083,1,R0329,1.000000
D0083,2,R0330,0.983955
D0083,3,R0328,0.964158
D0083,4,R0327,0.963503
D0083,5,R0325,0.929238
D0083,6,R0326,0.920698
D0083,7,R0264,0.888159
D0083,8,R0324,0.861548
D0083,9,R0323,0.860353
D0083,10,R0315,0.850276
D0084,1,R0109,1.000000
D0084,2,R0122,0.958168
D0084,3,R0123,0.953598
D0084,4,R0110,0.923458
D0084,5,R0121,0.915046
D0084,6,R0093,0.910860
D0084,7,R0151,0.898661
D0084,8,R0111,0.896531
D0084,9,R0120,0.894700
D0084,10,R0153,0.871790
D0085,1,R0268,1.000000
D0085,2,R0270,0.999827
D0085,3,R0269,0.983871
D0085,4,R0237,0.913850
D0085,5,R0272,0.912618
D0085,6,R0332,0.908272
D0085,7,R0333,0.908179
D0085,8,R0331,0.907051
D0085,9,R0265,0.898018
D0085,10,R0302,0.895062
D0086,1,R0023,1.000000
D0086,2,R0024,0.983871
D0086,3,R0022,0.968254
D0086,4,R0021,0.934436
D0086,5,R0071,0.899084
D0086,6,R0195,0.851309
D0086,7,R0072,0.839373
D0086,8,R0045,0.831981
D0086,9,R0074,0.828837
D0086,10,R0043,0.824621
D0087,1,R0060,1.000000
D0087,2,R0061,0.994394
D0087,3,R0059,0.968573
D0087,4,R0062,0.963319
D0087,5,R0058,0.959650
D0087,6,R0063,0.943708
D0087,7,R0074,0.902905
D0087,8,R0052,0.902404
D0087,9,R0053,0.885953
D0087,10,R0054,0.865253
D0088,1,R0222,1.050000
D0088,2,R0217,1.048679
D0088,3,R0218,0.974093
D0088,4,R0219,0.967788
D0088,5,R0214,0.962630
D0088,6,R0216,0.933772
D0088,7,R0221,0.924877
D0088,8,R0215,0.920691
D0088,9,R0220,0.885753
D0088,10,R0281,0.877194
D0089,1,R0283,1.000000
D0089,2,R0285,0.978665
D0089,3,R0284,0.973460
D0089,4,R0286,0.953125
D0089,5,R0303,0.924242
D0089,6,R0301,0.910860
D0089,7,R0302,0.897441
D0089,8,R0287,0.896752
D0089,9,R0267,0.847222
D0089,10,R0299,0.840401
D0090,1,R0162,1.044595
D0090,2,R0168,0.953363
D0090,3,R0161,0.950000
D0090,4,R0165,0.941038
D0090,5,R0167,0.938918
D0090,6,R0166,0.919992
D0090,7,R0160,0.903519
D0090,8,R0171,0.893194
D0090,9,R0163,0.881316
D0090,10,R0170,0.872991
D0091,1,R0292,1.000000
D0091,2,R0293,0.994595
D0091,3,R0294,0.973488
D0091,4,R0289,0.938918
D0091,5,R0299,0.934146
D0091,6,R0300,0.922785
D0091,7,R0290,0.919992
D0091,8,R0291,0.890377
D0091,9,R0298,0.889205
D0091,10,R0296,0.888837
D0092,1,R0336,1.000000
D0092,2,R0335,0.973460
D0092,3,R0337,0.968734
D0092,4,R0339,0.943349
D0092,5,R0268,0.925893
D0092,6,R0338,0.924242
D0092,7,R0334,0.920791
D0092,8,R0269,0.889373
D0092,9,R0270,0.875757
D0092,10,R0273,0.875638
D0093,1,R0073,1.050000
D0093,2,R0074,1.044595
D0093,3,R0077,0.998449
D0093,4,R0075,0.973488
D0093,5,R0071,0.972785
D0093,6,R0078,0.924615
D0093,7,R0076,0.874758
D0093,8,R0072,0.843318
D0093,9,R0066,0.831407
D0093,10,R0070,0.830491
D0094,1,R0004,1.000000
D0094,2,R0005,0.999827
D0094,3,R0006,0.983871
D0094,4,R0009,0.963319
D0094,5,R0008,0.948499
D0094,6,R0007,0.915811
D0094,7,R0021,0.902404
D0094,8,R0012,0.900465
D0094,9,R0140,0.857645
D0094,10,R0065,0.856283
D0095,1,R0289,1.000000
D0095,2,R0292,0.993846
D0095,3,R0290,0.984183
D0095,4,R0293,0.979058
D0095,5,R0294,0.978234
D0095,6,R0291,0.953427
D0095,7,R0299,0.920402
D0095,8,R0300,0.907998
D0095,9,R0296,0.902572
D0095,10,R0297,0.898401
D0096,1,R0101,1.000000
D0096,2,R0100,0.973622
D0096,3,R0102,0.968254
D0096,4,R0074,0.950727
D0096,5,R0105,0.925893
D0096,6,R0104,0.924242
D0096,7,R0255,0.893773
D0096,8,R0230,0.889710
D0096,9,R0132,0.851945
D0096,10,R0254,0.848569
D0097,1,R0331,1.000000
D0097,2,R0332,0.984127
D0097,3,R0333,0.983955
D0097,4,R0276,0.911018
D0097,5,R0274,0.907069
D0097,6,R0251,0.889216
D0097,7,R0264,0.871161
D0097,8,R0338,0.869532
D0097,9,R0269,0.865796
D0097,10,R0354,0.856368
D0098,1,R0324,1.050000
D0098,2,R0323,1.033955
D0098,3,R0322,1.023986
D0098,4,R0320,0.899628
D0098,5,R0319,0.893534
D0098,6,R0317,0.888918
D0098,7,R0321,0.861018
D0098,8,R0316,0.856525
D0098,9,R0325,0.853083
D0098,10,R0318,0.847681
D0099,1,R0052,1.000000
D0099,2,R0054,0.983871
D0099,3,R0053,0.963211
D0099,4,R0051,0.948392
D0099,5,R0049,0.913955
D0099,6,R0090,0.872814
D0099,7,R0089,0.861142
D0099,8,R0088,0.860483
D0099,9,R0069,0.857630
D0099,10,R0050,0.854933
D0100,1,R0280,1.000000
D0100,2,R0282,0.963995
D0100,3,R0281,0.958323
D0100,4,R0244,0.953125
D0100,5,R0246,0.948392
D0100,6,R0248,0.944119
D0100,7,R0245,0.897059
D0100,8,R0249,0.892855
D0100,9,R0247,0.857994
D0100,10,R0241,0.843463
D0101,1,R0065,1.000000
D0101,2,R0066,0.978665
D0101,3,R0064,0.973460
D0101,4,R0024,0.924674
D0101,5,R0023,0.885590
D0101,6,R0071,0.871851
D0101,7,R0074,0.857630
D0101,8,R0070,0.851567
D0101,9,R0072,0.839605
D0101,10,R0006,0.839485
D0102,1,R0355,1.050000
D0102,2,R0356,0.958323
D0102,3,R0158,0.953125
D0102,4,R0159,0.950600
D0102,5,R0357,0.937566
D0102,6,R0157,0.924242
D0102,7,R0156,0.893350
D0102,8,R0155,0.867911
D0102,9,R0358,0.859358
D0102,10,R0359,0.858723
D0103,1,R0061,1.000000
D0103,2,R0062,0.978885
D0103,3,R0060,0.973488
D0103,4,R0058,0.954627
D0103,5,R0063,0.948597
D0103,6,R0059,0.943534
D0103,7,R0074,0.902292
D0103,8,R0053,0.885206
D0103,9,R0052,0.880989
D0103,10,R0071,0.861548
D0104,1,R0263,1.000000
D0104,2,R0259,0.983871
D0104,3,R0260,0.938913
D0104,4,R0251,0.925893
D0104,5,R0309,0.912026
D0104,6,R0273,0.898661
D0104,7,R0312,0.892725
D0104,8,R0327,0.890483
D0104,9,R0310,0.885590
D0104,10,R0252,0.867911
D0105,1,R0210,1.000000
D0105,2,R0209,0.994394
D0105,3,R0208,0.989305
D0105,4,R0147,0.929480
D0105,5,R0150,0.925915
D0105,6,R0146,0.924833
D0105,7,R0145,0.911842
D0105,8,R0149,0.908272
D0105,9,R0232,0.881660
D0105,10,R0204,0.878446
D0106,1,R0205,1.000000
D0106,2,R0206,0.983871
D0106,3,R0207,0.968254
D0106,4,R0195,0.912026
D0106,5,R0269,0.910848
D0106,6,R0268,0.892855
D0106,7,R0194,0.890478
D0106,8,R0270,0.889033
D0106,9,R0339,0.866477
D0106,10,R0338,0.849068
D0107,1,R0163,1.000000
D0107,2,R0165,0.983871
D0107,3,R0164,0.963211
D0107,4,R0162,0.934435
D0107,5,R0169,0.924242
D0107,6,R0170,0.920791
D0107,7,R0167,0.900416
D0107,8,R0168,0.897441
D0107,9,R0166,0.889583
D0107,10,R0171,0.884058
D0108,1,R0152,1.000000
D0108,2,R0145,0.993497
D0108,3,R0153,0.983871
D0108,4,R0146,0.969644
D0108,5,R0151,0.968254
D0108,6,R0147,0.966117
D0108,7,R0143,0.924674
D0108,8,R0142,0.910860
D0108,9,R0260,0.867337
D0108,10,R0259,0.851309
D0109,1,R0045,1.000000
D0109,2,R0043,0.994595
D0109,3,R0044,0.973488
D0109,4,R0047,0.953363
D0109,5,R0046,0.948449
D0109,6,R0068,0.911539
D0109,7,R0048,0.911018
D0109,8,R0025,0.898799
D0109,9,R0067,0.884729
D0109,10,R0130,0.880491
D0110,1,R0347,1.000000
D0110,2,R0346,0.973986
D0110,3,R0348,0.973971
D0110,4,R0170,0.925768
D0110,5,R0339,0.915771
D0110,6,R0169,0.902304
D0110,7,R0163,0.895292
D0110,8,R0262,0.889216
D0110,9,R0050,0.884563
D0110,10,R0350,0.873643
D0111,1,R0199,1.050000
D0111,2,R0200,1.013211
D0111,3,R0216,0.958168
D0111,4,R0201,0.933871
D0111,5,R0215,0.928982
D0111,6,R0211,0.921429
D0111,7,R0212,0.909501
D0111,8,R0094,0.885504
D0111,9,R0214,0.880851
D0111,10,R0096,0.872814
D0112,1,R0034,1.000000
D0112,2,R0035,0.983871
D0112,3,R0036,0.968254
D0112,4,R0071,0.938899
D0112,5,R0069,0.938462
D0112,6,R0037,0.915748
D0112,7,R0012,0.902547
D0112,8,R0068,0.897453
D0112,9,R0038,0.897441
D0112,10,R0072,0.867456
D0113,1,R0286,1.000000
D0113,2,R0283,0.983871
D0113,3,R0285,0.963211
D0113,4,R0287,0.958168
D0113,5,R0284,0.933722
D0113,6,R0288,0.902192
D0113,7,R0302,0.901651
D0113,8,R0301,0.884424
D0113,9,R0299,0.879972
D0113,10,R0303,0.876845
D0114,1,R0358,1.000000
D0114,2,R0359,0.959397
D0114,3,R0132,0.924242
D0114,4,R0155,0.917329
D0114,5,R0360,0.916117
D0114,6,R0156,0.910860
D0114,7,R0356,0.881937
D0114,8,R0355,0.877480
D0114,9,R0357,0.867649
D0114,10,R0240,0.867337
D0115,1,R0082,1.000000
D0115,2,R0084,0.978665
D0115,3,R0083,0.973460
D0115,4,R0050,0.934436
D0115,5,R0093,0.879848
D0115,6,R0068,0.876670
D0115,7,R0165,0.871034
D0115,8,R0102,0.859155
D0115,9,R0069,0.849878
D0115,10,R0052,0.848496
D0116,1,R0094,1.000000
D0116,2,R0093,0.989305
D0116,3,R0202,0.954216
D0116,4,R0074,0.906977
D0116,5,R0208,0.899226
D0116,6,R0132,0.895926
D0116,7,R0076,0.891604
D0116,8,R0210,0.888762
D0116,9,R0100,0.887467
D0116,10,R0203,0.881114
D0117,1,R0188,1.000000
D0117,2,R0176,0.978665
D0117,3,R0189,0.973460
D0117,4,R0177,0.953125
D0117,5,R0175,0.938462
D0117,6,R0184,0.919644
D0117,7,R0187,0.906120
D0117,8,R0186,0.905985
D0117,9,R0185,0.884058
D0117,10,R0180,0.847545
D0118,1,R0196,1.000000
D0118,2,R0197,0.974625
D0118,3,R0170,0.974196
D0118,4,R0169,0.973377
D0118,5,R0198,0.955112
D0118,6,R0163,0.940695
D0118,7,R0273,0.902493
D0118,8,R0171,0.897733
D0118,9,R0272,0.885261
D0118,10,R0271,0.878891
D0119,1,R0228,1.000000
D0119,2,R0226,0.989305
D0119,3,R0225,0.965147
D0119,4,R0227,0.963797
D0119,5,R0224,0.940050
D0119,6,R0223,0.934127
D0119,7,R0219,0.916782
D0119,8,R0217,0.885624
D0119,9,R0216,0.870342
D0119,10,R0339,0.867907
D0120,1,R0077,1.044200
D0120,2,R0078,1.000000
D0120,3,R0075,0.968720
D0120,4,R0074,0.964566
D0120,5,R0073,0.963289
D0120,6,R0076,0.918734
D0120,7,R0027,0.904595
D0120,8,R0071,0.902619
D0120,9,R0070,0.889658
D0120,10,R0072,0.877064
